trade_time,stock,position
2013-08-12,Y1407.DCE,2.0
2013-08-13,Y1407.DCE,2.0
2013-08-14,Y1407.DCE,2.0
2013-08-15,Y1407.DCE,2.0
2013-08-16,Y1407.DCE,4.0
2013-08-19,Y1407.DCE,4.0
2013-08-20,Y1407.DCE,4.0
2013-08-21,Y1407.DCE,6.0
2013-08-22,Y1407.DCE,6.0
2013-08-23,Y1407.DCE,10.0
2013-08-26,Y1408.DCE,26.0
2013-08-27,Y1408.DCE,34.0
2013-08-28,Y1408.DCE,32.0
2013-08-29,Y1408.DCE,34.0
2013-08-30,Y1408.DCE,32.0
2013-09-02,Y1408.DCE,32.0
2013-09-03,Y1408.DCE,32.0
2013-09-04,Y1408.DCE,32.0
2013-09-05,Y1408.DCE,32.0
2013-09-06,Y1408.DCE,32.0
2013-09-09,Y1408.DCE,34.0
2013-09-10,Y1408.DCE,32.0
2013-09-11,Y1408.DCE,32.0
2013-09-12,Y1408.DCE,32.0
2013-09-13,Y1408.DCE,34.0
2013-09-16,Y1409.DCE,2180.0
2013-09-17,Y1409.DCE,2688.0
2013-09-18,Y1409.DCE,2908.0
2013-09-23,Y1409.DCE,3460.0
2013-09-24,Y1409.DCE,4548.0
2013-09-25,Y1409.DCE,5052.0
2013-09-26,Y1409.DCE,4850.0
2013-09-27,Y1409.DCE,4816.0
2013-09-30,Y1409.DCE,5722.0
2013-10-08,Y1409.DCE,7894.0
2013-10-09,Y1409.DCE,14532.0
2013-10-10,Y1409.DCE,18866.0
2013-10-11,Y1409.DCE,19296.0
2013-10-14,Y1409.DCE,29010.0
2013-10-15,Y1409.DCE,33028.0
2013-10-16,Y1409.DCE,37012.0
2013-10-17,Y1409.DCE,42892.0
2013-10-18,Y1409.DCE,47148.0
2013-10-21,Y1409.DCE,53838.0
2013-10-22,Y1409.DCE,60408.0
2013-10-23,Y1409.DCE,66348.0
2013-10-24,Y1409.DCE,68794.0
2013-10-25,Y1409.DCE,69062.0
2013-10-28,Y1409.DCE,69402.0
2013-10-29,Y1409.DCE,72428.0
2013-10-30,Y1409.DCE,84492.0
2013-10-31,Y1409.DCE,84440.0
2013-11-01,Y1409.DCE,92858.0
2013-11-04,Y1409.DCE,110822.0
2013-11-05,Y1409.DCE,116448.0
2013-11-06,Y1409.DCE,117284.0
2013-11-07,Y1409.DCE,119360.0
2013-11-08,Y1409.DCE,123416.0
2013-11-11,Y1409.DCE,125194.0
2013-11-12,Y1409.DCE,128114.0
2013-11-13,Y1409.DCE,131712.0
2013-11-14,Y1409.DCE,139756.0
2013-11-15,Y1409.DCE,140810.0
2013-11-18,Y1409.DCE,157932.0
2013-11-19,Y1409.DCE,164362.0
2013-11-20,Y1409.DCE,180458.0
2013-11-21,Y1409.DCE,186496.0
2013-11-22,Y1409.DCE,196704.0
2013-11-25,Y1409.DCE,201012.0
2013-11-26,Y1409.DCE,202018.0
2013-11-27,Y1409.DCE,201288.0
2013-11-28,Y1409.DCE,200332.0
2013-11-29,Y1409.DCE,206056.0
2013-12-02,Y1409.DCE,226726.0
2013-12-03,Y1409.DCE,236572.0
2013-12-04,Y1409.DCE,243926.0
2013-12-05,Y1409.DCE,244782.0
2013-12-06,Y1409.DCE,243368.0
2013-12-09,Y1409.DCE,244846.0
2013-12-10,Y1409.DCE,246046.0
2013-12-11,Y1409.DCE,259806.0
2013-12-12,Y1409.DCE,263660.0
2013-12-13,Y1409.DCE,260572.0
2013-12-16,Y1409.DCE,256576.0
2013-12-17,Y1409.DCE,258756.0
2013-12-18,Y1409.DCE,257660.0
2013-12-19,Y1409.DCE,268734.0
2013-12-20,Y1409.DCE,268710.0
2013-12-23,Y1409.DCE,267758.0
2013-12-24,Y1409.DCE,267982.0
2013-12-25,Y1409.DCE,271482.0
2013-12-26,Y1409.DCE,272190.0
2013-12-27,Y1409.DCE,274836.0
2013-12-30,Y1409.DCE,279560.0
2013-12-31,Y1409.DCE,281116.0
2014-01-02,Y1409.DCE,285686.0
2014-01-03,Y1409.DCE,295818.0
2014-01-06,Y1409.DCE,302164.0
2014-01-07,Y1409.DCE,311456.0
2014-01-08,Y1409.DCE,312924.0
2014-01-09,Y1409.DCE,349354.0
2014-01-10,Y1409.DCE,350746.0
2014-01-13,Y1409.DCE,356482.0
2014-01-14,Y1409.DCE,363514.0
2014-01-15,Y1409.DCE,355692.0
2014-01-16,Y1409.DCE,361034.0
2014-01-17,Y1409.DCE,375108.0
2014-01-20,Y1409.DCE,389564.0
2014-01-21,Y1409.DCE,397892.0
2014-01-22,Y1409.DCE,387848.0
2014-01-23,Y1409.DCE,389446.0
2014-01-24,Y1409.DCE,401042.0
2014-01-27,Y1409.DCE,417398.0
2014-01-28,Y1409.DCE,421034.0
2014-01-29,Y1409.DCE,407296.0
2014-01-30,Y1409.DCE,406918.0
2014-02-07,Y1409.DCE,409764.0
2014-02-10,Y1409.DCE,447066.0
2014-02-11,Y1409.DCE,458662.0
2014-02-12,Y1409.DCE,465468.0
2014-02-13,Y1409.DCE,478086.0
2014-02-14,Y1409.DCE,489688.0
2014-02-17,Y1409.DCE,493600.0
2014-02-18,Y1409.DCE,503448.0
2014-02-19,Y1409.DCE,517788.0
2014-02-20,Y1409.DCE,532536.0
2014-02-21,Y1409.DCE,529316.0
2014-02-24,Y1409.DCE,532126.0
2014-02-25,Y1409.DCE,541448.0
2014-02-26,Y1409.DCE,529678.0
2014-02-27,Y1409.DCE,555764.0
2014-02-28,Y1409.DCE,565412.0
2014-03-03,Y1409.DCE,567786.0
2014-03-04,Y1409.DCE,559430.0
2014-03-05,Y1409.DCE,597434.0
2014-03-06,Y1409.DCE,605806.0
2014-03-07,Y1409.DCE,611884.0
2014-03-10,Y1409.DCE,624008.0
2014-03-11,Y1409.DCE,687246.0
2014-03-12,Y1409.DCE,652746.0
2014-03-13,Y1409.DCE,648772.0
2014-03-14,Y1409.DCE,647860.0
2014-03-17,Y1409.DCE,656478.0
2014-03-18,Y1409.DCE,680106.0
2014-03-19,Y1409.DCE,728808.0
2014-03-20,Y1409.DCE,685686.0
2014-03-21,Y1409.DCE,688562.0
2014-03-24,Y1409.DCE,682348.0
2014-03-25,Y1409.DCE,676828.0
2014-03-26,Y1409.DCE,686140.0
2014-03-27,Y1409.DCE,674054.0
2014-03-28,Y1409.DCE,672052.0
2014-03-31,Y1409.DCE,675084.0
2014-04-01,Y1409.DCE,681106.0
2014-04-02,Y1409.DCE,748520.0
2014-04-03,Y1409.DCE,725010.0
2014-04-04,Y1409.DCE,745952.0
2014-04-08,Y1409.DCE,767394.0
2014-04-09,Y1409.DCE,764734.0
2014-04-10,Y1409.DCE,746576.0
2014-04-11,Y1409.DCE,715278.0
2014-04-14,Y1409.DCE,709042.0
2014-04-15,Y1409.DCE,738122.0
2014-04-16,Y1409.DCE,671914.0
2014-04-17,Y1409.DCE,638360.0
2014-04-18,Y1409.DCE,621686.0
2014-04-21,Y1409.DCE,618116.0
2014-04-22,Y1409.DCE,616880.0
2014-04-23,Y1409.DCE,614390.0
2014-04-24,Y1409.DCE,613982.0
2014-04-25,Y1409.DCE,591222.0
2014-04-28,Y1409.DCE,579382.0
2014-04-29,Y1409.DCE,574932.0
2014-04-30,Y1409.DCE,546846.0
2014-05-05,Y1409.DCE,565224.0
2014-05-06,Y1409.DCE,564196.0
2014-05-07,Y1409.DCE,561644.0
2014-05-08,Y1409.DCE,574332.0
2014-05-09,Y1409.DCE,548826.0
2014-05-12,Y1409.DCE,545658.0
2014-05-13,Y1409.DCE,558270.0
2014-05-14,Y1409.DCE,539456.0
2014-05-15,Y1409.DCE,545308.0
2014-05-16,Y1409.DCE,537902.0
2014-05-19,Y1409.DCE,540602.0
2014-05-20,Y1409.DCE,535808.0
2014-05-21,Y1409.DCE,546948.0
2014-05-22,Y1409.DCE,515170.0
2014-05-23,Y1409.DCE,498964.0
2014-05-26,Y1409.DCE,501354.0
2014-05-27,Y1409.DCE,484340.0
2014-05-28,Y1409.DCE,488876.0
2014-05-29,Y1409.DCE,488026.0
2014-05-30,Y1409.DCE,488300.0
2014-06-03,Y1501.DCE,521888.0
2014-06-04,Y1501.DCE,522700.0
2014-06-05,Y1501.DCE,540872.0
2014-06-06,Y1501.DCE,539026.0
2014-06-09,Y1501.DCE,536636.0
2014-06-10,Y1501.DCE,534234.0
2014-06-11,Y1501.DCE,544702.0
2014-06-12,Y1501.DCE,540932.0
2014-06-13,Y1501.DCE,541600.0
2014-06-16,Y1501.DCE,533864.0
2014-06-17,Y1501.DCE,551366.0
2014-06-18,Y1501.DCE,569180.0
2014-06-19,Y1501.DCE,556592.0
2014-06-20,Y1501.DCE,535908.0
2014-06-23,Y1501.DCE,618390.0
2014-06-24,Y1501.DCE,665238.0
2014-06-25,Y1501.DCE,631808.0
2014-06-26,Y1501.DCE,645314.0
2014-06-27,Y1501.DCE,637290.0
2014-06-30,Y1501.DCE,626444.0
2014-07-01,Y1501.DCE,612916.0
2014-07-02,Y1501.DCE,615706.0
2014-07-03,Y1501.DCE,636360.0
2014-07-04,Y1501.DCE,635064.0
2014-07-07,Y1501.DCE,624890.0
2014-07-08,Y1501.DCE,639806.0
2014-07-09,Y1501.DCE,658976.0
2014-07-10,Y1501.DCE,672160.0
2014-07-11,Y1501.DCE,654410.0
2014-07-14,Y1501.DCE,651296.0
2014-07-15,Y1501.DCE,680026.0
2014-07-16,Y1501.DCE,676158.0
2014-07-17,Y1501.DCE,671170.0
2014-07-18,Y1501.DCE,688984.0
2014-07-21,Y1501.DCE,699018.0
2014-07-22,Y1501.DCE,719216.0
2014-07-23,Y1501.DCE,717522.0
2014-07-24,Y1501.DCE,716694.0
2014-07-25,Y1501.DCE,711128.0
2014-07-28,Y1501.DCE,718996.0
2014-07-29,Y1501.DCE,707208.0
2014-07-30,Y1501.DCE,704776.0
2014-07-31,Y1501.DCE,702336.0
2014-08-01,Y1501.DCE,699880.0
2014-08-04,Y1501.DCE,733542.0
2014-08-05,Y1501.DCE,721732.0
2014-08-06,Y1501.DCE,733176.0
2014-08-07,Y1501.DCE,725574.0
2014-08-08,Y1501.DCE,724222.0
2014-08-11,Y1501.DCE,722454.0
2014-08-12,Y1501.DCE,748072.0
2014-08-13,Y1501.DCE,748662.0
2014-08-14,Y1501.DCE,799044.0
2014-08-15,Y1501.DCE,839428.0
2014-08-18,Y1501.DCE,783476.0
2014-08-19,Y1501.DCE,779678.0
2014-08-20,Y1501.DCE,774172.0
2014-08-21,Y1501.DCE,755598.0
2014-08-22,Y1501.DCE,745042.0
2014-08-25,Y1501.DCE,762864.0
2014-08-26,Y1501.DCE,761512.0
2014-08-27,Y1501.DCE,747872.0
2014-08-28,Y1501.DCE,767920.0
2014-08-29,Y1501.DCE,793556.0
2014-09-01,Y1501.DCE,778022.0
2014-09-02,Y1501.DCE,821052.0
2014-09-03,Y1501.DCE,791504.0
2014-09-04,Y1501.DCE,774880.0
2014-09-05,Y1501.DCE,752982.0
2014-09-09,Y1501.DCE,769468.0
2014-09-10,Y1501.DCE,750586.0
2014-09-11,Y1501.DCE,784004.0
2014-09-12,Y1501.DCE,742404.0
2014-09-15,Y1501.DCE,783724.0
2014-09-16,Y1501.DCE,742810.0
2014-09-17,Y1501.DCE,761024.0
2014-09-18,Y1501.DCE,766664.0
2014-09-19,Y1501.DCE,761396.0
2014-09-22,Y1501.DCE,767762.0
2014-09-23,Y1501.DCE,757474.0
2014-09-24,Y1501.DCE,789638.0
2014-09-25,Y1501.DCE,767230.0
2014-09-26,Y1501.DCE,767112.0
2014-09-29,Y1501.DCE,751800.0
2014-09-30,Y1501.DCE,713078.0
2014-10-08,Y1501.DCE,729804.0
2014-10-09,Y1501.DCE,741562.0
2014-10-10,Y1501.DCE,688036.0
2014-10-13,Y1501.DCE,703996.0
2014-10-14,Y1501.DCE,688486.0
2014-10-15,Y1501.DCE,691022.0
2014-10-16,Y1501.DCE,703416.0
2014-10-17,Y1501.DCE,733472.0
2014-10-20,Y1501.DCE,759966.0
2014-10-21,Y1501.DCE,759044.0
2014-10-22,Y1501.DCE,698156.0
2014-10-23,Y1501.DCE,634234.0
2014-10-24,Y1501.DCE,604378.0
2014-10-27,Y1501.DCE,621018.0
2014-10-28,Y1501.DCE,623204.0
2014-10-29,Y1501.DCE,622402.0
2014-10-30,Y1501.DCE,503206.0
2014-10-31,Y1505.DCE,525646.0
2014-11-03,Y1505.DCE,547558.0
2014-11-04,Y1505.DCE,556238.0
2014-11-05,Y1505.DCE,564368.0
2014-11-06,Y1505.DCE,572556.0
2014-11-07,Y1505.DCE,566486.0
2014-11-10,Y1505.DCE,556694.0
2014-11-11,Y1505.DCE,557088.0
2014-11-12,Y1505.DCE,562966.0
2014-11-13,Y1505.DCE,584088.0
2014-11-14,Y1505.DCE,606398.0
2014-11-17,Y1505.DCE,630276.0
2014-11-18,Y1505.DCE,643632.0
2014-11-19,Y1505.DCE,630058.0
2014-11-20,Y1505.DCE,653716.0
2014-11-21,Y1505.DCE,629662.0
2014-11-24,Y1505.DCE,615348.0
2014-11-25,Y1505.DCE,618944.0
2014-11-26,Y1505.DCE,604474.0
2014-11-27,Y1505.DCE,600918.0
2014-11-28,Y1505.DCE,657892.0
2014-12-01,Y1505.DCE,676704.0
2014-12-02,Y1505.DCE,663352.0
2014-12-03,Y1505.DCE,679992.0
2014-12-04,Y1505.DCE,680602.0
2014-12-05,Y1505.DCE,675242.0
2014-12-08,Y1505.DCE,644508.0
2014-12-09,Y1505.DCE,620986.0
2014-12-10,Y1505.DCE,621734.0
2014-12-11,Y1505.DCE,629122.0
2014-12-12,Y1505.DCE,643410.0
2014-12-15,Y1505.DCE,630546.0
2014-12-16,Y1505.DCE,659758.0
2014-12-17,Y1505.DCE,656330.0
2014-12-18,Y1505.DCE,639034.0
2014-12-19,Y1505.DCE,649054.0
2014-12-22,Y1505.DCE,633536.0
2014-12-23,Y1505.DCE,624028.0
2014-12-24,Y1505.DCE,626488.0
2014-12-25,Y1505.DCE,629234.0
2014-12-26,Y1505.DCE,638510.0
2014-12-29,Y1505.DCE,650994.0
2014-12-30,Y1505.DCE,654460.0
2014-12-31,Y1505.DCE,650642.0
2015-01-05,Y1505.DCE,656812.0
2015-01-06,Y1505.DCE,664274.0
2015-01-07,Y1505.DCE,666324.0
2015-01-08,Y1505.DCE,677466.0
2015-01-09,Y1505.DCE,677210.0
2015-01-12,Y1505.DCE,671472.0
2015-01-13,Y1505.DCE,667594.0
2015-01-14,Y1505.DCE,682980.0
2015-01-15,Y1505.DCE,708976.0
2015-01-16,Y1505.DCE,710654.0
2015-01-19,Y1505.DCE,679392.0
2015-01-20,Y1505.DCE,691060.0
2015-01-21,Y1505.DCE,702504.0
2015-01-22,Y1505.DCE,735694.0
2015-01-23,Y1505.DCE,725658.0
2015-01-26,Y1505.DCE,714920.0
2015-01-27,Y1505.DCE,702280.0
2015-01-28,Y1505.DCE,673868.0
2015-01-29,Y1505.DCE,649072.0
2015-01-30,Y1505.DCE,664592.0
2015-02-02,Y1505.DCE,680444.0
2015-02-03,Y1505.DCE,690164.0
2015-02-04,Y1505.DCE,657336.0
2015-02-05,Y1505.DCE,658624.0
2015-02-06,Y1505.DCE,632942.0
2015-02-09,Y1505.DCE,628664.0
2015-02-10,Y1505.DCE,615542.0
2015-02-11,Y1505.DCE,611672.0
2015-02-12,Y1505.DCE,603066.0
2015-02-13,Y1505.DCE,566204.0
2015-02-16,Y1505.DCE,550176.0
2015-02-17,Y1505.DCE,542420.0
2015-02-25,Y1505.DCE,539634.0
2015-02-26,Y1505.DCE,548012.0
2015-02-27,Y1505.DCE,565776.0
2015-03-02,Y1505.DCE,547382.0
2015-03-03,Y1509.DCE,560898.0
2015-03-04,Y1509.DCE,560780.0
2015-03-05,Y1509.DCE,555394.0
2015-03-06,Y1509.DCE,558416.0
2015-03-09,Y1509.DCE,589892.0
2015-03-10,Y1509.DCE,632864.0
2015-03-11,Y1509.DCE,648626.0
2015-03-12,Y1509.DCE,665498.0
2015-03-13,Y1509.DCE,684914.0
2015-03-16,Y1509.DCE,716036.0
2015-03-17,Y1509.DCE,742312.0
2015-03-18,Y1509.DCE,778628.0
2015-03-19,Y1509.DCE,793950.0
2015-03-20,Y1509.DCE,821390.0
2015-03-23,Y1509.DCE,845462.0
2015-03-24,Y1509.DCE,881874.0
2015-03-25,Y1509.DCE,884280.0
2015-03-26,Y1509.DCE,884392.0
2015-03-27,Y1509.DCE,877232.0
2015-03-30,Y1509.DCE,878876.0
2015-03-31,Y1509.DCE,884134.0
2015-04-01,Y1509.DCE,906360.0
2015-04-02,Y1509.DCE,905922.0
2015-04-03,Y1509.DCE,903030.0
2015-04-07,Y1509.DCE,895846.0
2015-04-08,Y1509.DCE,905794.0
2015-04-09,Y1509.DCE,899430.0
2015-04-10,Y1509.DCE,897416.0
2015-04-13,Y1509.DCE,924354.0
2015-04-14,Y1509.DCE,905368.0
2015-04-15,Y1509.DCE,1002888.0
2015-04-16,Y1509.DCE,983842.0
2015-04-17,Y1509.DCE,973268.0
2015-04-20,Y1509.DCE,983362.0
2015-04-21,Y1509.DCE,1002352.0
2015-04-22,Y1509.DCE,977686.0
2015-04-23,Y1509.DCE,1006140.0
2015-04-24,Y1509.DCE,936134.0
2015-04-27,Y1509.DCE,975890.0
2015-04-28,Y1509.DCE,986638.0
2015-04-29,Y1509.DCE,980530.0
2015-04-30,Y1509.DCE,999972.0
2015-05-04,Y1509.DCE,1094554.0
2015-05-05,Y1509.DCE,1118866.0
2015-05-06,Y1509.DCE,1112446.0
2015-05-07,Y1509.DCE,1083092.0
2015-05-08,Y1509.DCE,1035280.0
2015-05-11,Y1509.DCE,1055362.0
2015-05-12,Y1509.DCE,1030986.0
2015-05-13,Y1509.DCE,1024852.0
2015-05-14,Y1509.DCE,1028274.0
2015-05-15,Y1509.DCE,986326.0
2015-05-18,Y1509.DCE,950424.0
2015-05-19,Y1509.DCE,920682.0
2015-05-20,Y1509.DCE,884216.0
2015-05-21,Y1509.DCE,877568.0
2015-05-22,Y1509.DCE,870116.0
2015-05-25,Y1509.DCE,874936.0
2015-05-26,Y1509.DCE,835906.0
2015-05-27,Y1509.DCE,795406.0
2015-05-28,Y1509.DCE,773168.0
2015-05-29,Y1509.DCE,756410.0
2015-06-01,Y1509.DCE,734678.0
2015-06-02,Y1509.DCE,699784.0
2015-06-03,Y1509.DCE,642050.0
2015-06-04,Y1509.DCE,616910.0
2015-06-05,Y1509.DCE,593358.0
2015-06-08,Y1509.DCE,597008.0
2015-06-09,Y1509.DCE,563260.0
2015-06-10,Y1509.DCE,544440.0
2015-06-11,Y1509.DCE,531674.0
2015-06-12,Y1509.DCE,496792.0
2015-06-15,Y1601.DCE,482774.0
2015-06-16,Y1601.DCE,507934.0
2015-06-17,Y1601.DCE,515608.0
2015-06-18,Y1601.DCE,521046.0
2015-06-19,Y1601.DCE,511922.0
2015-06-23,Y1601.DCE,519418.0
2015-06-24,Y1601.DCE,539366.0
2015-06-25,Y1601.DCE,557356.0
2015-06-26,Y1601.DCE,536566.0
2015-06-29,Y1601.DCE,546018.0
2015-06-30,Y1601.DCE,522948.0
2015-07-01,Y1601.DCE,472502.0
2015-07-02,Y1601.DCE,439468.0
2015-07-03,Y1601.DCE,435084.0
2015-07-06,Y1601.DCE,439378.0
2015-07-07,Y1601.DCE,450310.0
2015-07-08,Y1601.DCE,412918.0
2015-07-09,Y1601.DCE,394834.0
2015-07-10,Y1601.DCE,433090.0
2015-07-13,Y1601.DCE,443936.0
2015-07-14,Y1601.DCE,463884.0
2015-07-15,Y1601.DCE,507784.0
2015-07-16,Y1601.DCE,509568.0
2015-07-17,Y1601.DCE,529812.0
2015-07-20,Y1601.DCE,523874.0
2015-07-21,Y1601.DCE,532490.0
2015-07-22,Y1601.DCE,530458.0
2015-07-23,Y1601.DCE,554282.0
2015-07-24,Y1601.DCE,555708.0
2015-07-27,Y1601.DCE,572548.0
2015-07-28,Y1601.DCE,564458.0
2015-07-29,Y1601.DCE,567262.0
2015-07-30,Y1601.DCE,579688.0
2015-07-31,Y1601.DCE,594588.0
2015-08-03,Y1601.DCE,607606.0
2015-08-04,Y1601.DCE,612258.0
2015-08-05,Y1601.DCE,628176.0
2015-08-06,Y1601.DCE,630424.0
2015-08-07,Y1601.DCE,662390.0
2015-08-10,Y1601.DCE,677694.0
2015-08-11,Y1601.DCE,678904.0
2015-08-12,Y1601.DCE,684214.0
2015-08-13,Y1601.DCE,644250.0
2015-08-14,Y1601.DCE,635290.0
2015-08-17,Y1601.DCE,647156.0
2015-08-18,Y1601.DCE,647876.0
2015-08-19,Y1601.DCE,649038.0
2015-08-20,Y1601.DCE,666248.0
2015-08-21,Y1601.DCE,651896.0
2015-08-24,Y1601.DCE,646874.0
2015-08-25,Y1601.DCE,585968.0
2015-08-26,Y1601.DCE,530804.0
2015-08-27,Y1601.DCE,535760.0
2015-08-28,Y1601.DCE,534416.0
2015-08-31,Y1601.DCE,525946.0
2015-09-01,Y1601.DCE,505626.0
2015-09-02,Y1601.DCE,506680.0
2015-09-07,Y1601.DCE,519294.0
2015-09-08,Y1601.DCE,540210.0
2015-09-09,Y1601.DCE,545388.0
2015-09-10,Y1601.DCE,543568.0
2015-09-11,Y1601.DCE,528300.0
2015-09-14,Y1601.DCE,526434.0
2015-09-15,Y1601.DCE,538332.0
2015-09-16,Y1601.DCE,540234.0
2015-09-17,Y1601.DCE,540872.0
2015-09-18,Y1601.DCE,548002.0
2015-09-21,Y1601.DCE,527650.0
2015-09-22,Y1601.DCE,557136.0
2015-09-23,Y1601.DCE,562912.0
2015-09-24,Y1601.DCE,533880.0
2015-09-25,Y1601.DCE,515878.0
2015-09-28,Y1601.DCE,539792.0
2015-09-29,Y1601.DCE,501942.0
2015-09-30,Y1601.DCE,503582.0
2015-10-08,Y1601.DCE,524534.0
2015-10-09,Y1601.DCE,595472.0
2015-10-12,Y1601.DCE,578238.0
2015-10-13,Y1601.DCE,610900.0
2015-10-14,Y1601.DCE,620428.0
2015-10-15,Y1601.DCE,630496.0
2015-10-16,Y1601.DCE,613956.0
2015-10-19,Y1601.DCE,603456.0
2015-10-20,Y1601.DCE,570754.0
2015-10-21,Y1601.DCE,553058.0
2015-10-22,Y1601.DCE,617284.0
2015-10-23,Y1601.DCE,580092.0
2015-10-26,Y1601.DCE,570236.0
2015-10-27,Y1601.DCE,569504.0
2015-10-28,Y1601.DCE,525772.0
2015-10-29,Y1601.DCE,534036.0
2015-10-30,Y1601.DCE,547222.0
2015-11-02,Y1601.DCE,557954.0
2015-11-03,Y1601.DCE,535818.0
2015-11-04,Y1601.DCE,539600.0
2015-11-05,Y1601.DCE,514958.0
2015-11-06,Y1601.DCE,485306.0
2015-11-09,Y1601.DCE,474150.0
2015-11-10,Y1601.DCE,470382.0
2015-11-11,Y1601.DCE,461110.0
2015-11-12,Y1601.DCE,439316.0
2015-11-13,Y1601.DCE,416432.0
2015-11-16,Y1605.DCE,408450.0
2015-11-17,Y1605.DCE,428122.0
2015-11-18,Y1605.DCE,440536.0
2015-11-19,Y1605.DCE,436052.0
2015-11-20,Y1605.DCE,424154.0
2015-11-23,Y1605.DCE,443160.0
2015-11-24,Y1605.DCE,528710.0
2015-11-25,Y1605.DCE,564290.0
2015-11-26,Y1605.DCE,599154.0
2015-11-27,Y1605.DCE,599312.0
2015-11-30,Y1605.DCE,554086.0
2015-12-01,Y1605.DCE,617390.0
2015-12-02,Y1605.DCE,638210.0
2015-12-03,Y1605.DCE,640340.0
2015-12-04,Y1605.DCE,658804.0
2015-12-07,Y1605.DCE,655204.0
2015-12-08,Y1605.DCE,631572.0
2015-12-09,Y1605.DCE,639196.0
2015-12-10,Y1605.DCE,614462.0
2015-12-11,Y1605.DCE,606786.0
2015-12-14,Y1605.DCE,604320.0
2015-12-15,Y1605.DCE,609176.0
2015-12-16,Y1605.DCE,601570.0
2015-12-17,Y1605.DCE,624354.0
2015-12-18,Y1605.DCE,607824.0
2015-12-21,Y1605.DCE,624642.0
2015-12-22,Y1605.DCE,634094.0
2015-12-23,Y1605.DCE,609306.0
2015-12-24,Y1605.DCE,588942.0
2015-12-25,Y1605.DCE,571906.0
2015-12-28,Y1605.DCE,558348.0
2015-12-29,Y1605.DCE,554354.0
2015-12-30,Y1605.DCE,603926.0
2015-12-31,Y1605.DCE,616008.0
2016-01-04,Y1605.DCE,592242.0
2016-01-05,Y1605.DCE,595294.0
2016-01-06,Y1605.DCE,576836.0
2016-01-07,Y1605.DCE,595048.0
2016-01-08,Y1605.DCE,590408.0
2016-01-11,Y1605.DCE,587668.0
2016-01-12,Y1605.DCE,587762.0
2016-01-13,Y1605.DCE,594986.0
2016-01-14,Y1605.DCE,645506.0
2016-01-15,Y1605.DCE,649560.0
2016-01-18,Y1605.DCE,628310.0
2016-01-19,Y1605.DCE,653068.0
2016-01-20,Y1605.DCE,645684.0
2016-01-21,Y1605.DCE,642114.0
2016-01-22,Y1605.DCE,643464.0
2016-01-25,Y1605.DCE,621572.0
2016-01-26,Y1605.DCE,636010.0
2016-01-27,Y1605.DCE,624342.0
2016-01-28,Y1605.DCE,622402.0
2016-01-29,Y1605.DCE,603136.0
2016-02-01,Y1605.DCE,594878.0
2016-02-02,Y1605.DCE,599682.0
2016-02-03,Y1605.DCE,582938.0
2016-02-04,Y1605.DCE,588342.0
2016-02-05,Y1605.DCE,594188.0
2016-02-15,Y1605.DCE,613668.0
2016-02-16,Y1605.DCE,620084.0
2016-02-17,Y1605.DCE,628170.0
2016-02-18,Y1605.DCE,608982.0
2016-02-19,Y1605.DCE,606790.0
2016-02-22,Y1605.DCE,611862.0
2016-02-23,Y1605.DCE,596416.0
2016-02-24,Y1605.DCE,574108.0
2016-02-25,Y1605.DCE,571644.0
2016-02-26,Y1605.DCE,554578.0
2016-02-29,Y1605.DCE,535786.0
2016-03-01,Y1605.DCE,525524.0
2016-03-02,Y1605.DCE,555438.0
2016-03-03,Y1605.DCE,506226.0
2016-03-04,Y1605.DCE,498512.0
2016-03-07,Y1609.DCE,519618.0
2016-03-08,Y1609.DCE,547464.0
2016-03-09,Y1609.DCE,566232.0
2016-03-10,Y1609.DCE,593404.0
2016-03-11,Y1609.DCE,788722.0
2016-03-14,Y1609.DCE,837238.0
2016-03-15,Y1609.DCE,782374.0
2016-03-16,Y1609.DCE,784448.0
2016-03-17,Y1609.DCE,860638.0
2016-03-18,Y1609.DCE,938024.0
2016-03-21,Y1609.DCE,949930.0
2016-03-22,Y1609.DCE,920140.0
2016-03-23,Y1609.DCE,879038.0
2016-03-24,Y1609.DCE,830796.0
2016-03-25,Y1609.DCE,825620.0
2016-03-28,Y1609.DCE,827016.0
2016-03-29,Y1609.DCE,838434.0
2016-03-30,Y1609.DCE,833184.0
2016-03-31,Y1609.DCE,859242.0
2016-04-01,Y1609.DCE,993988.0
2016-04-05,Y1609.DCE,1016400.0
2016-04-06,Y1609.DCE,932570.0
2016-04-07,Y1609.DCE,927472.0
2016-04-08,Y1609.DCE,907030.0
2016-04-11,Y1609.DCE,936046.0
2016-04-12,Y1609.DCE,960840.0
2016-04-13,Y1609.DCE,990026.0
2016-04-14,Y1609.DCE,981704.0
2016-04-15,Y1609.DCE,1018848.0
2016-04-18,Y1609.DCE,1015946.0
2016-04-19,Y1609.DCE,1013040.0
2016-04-20,Y1609.DCE,994338.0
2016-04-21,Y1609.DCE,982142.0
2016-04-22,Y1609.DCE,886858.0
2016-04-25,Y1609.DCE,864600.0
2016-04-26,Y1609.DCE,892510.0
2016-04-27,Y1609.DCE,881628.0
2016-04-28,Y1609.DCE,829376.0
2016-04-29,Y1609.DCE,824434.0
2016-05-03,Y1609.DCE,827796.0
2016-05-04,Y1609.DCE,834072.0
2016-05-05,Y1609.DCE,837574.0
2016-05-06,Y1609.DCE,798056.0
2016-05-09,Y1609.DCE,826252.0
2016-05-10,Y1609.DCE,801290.0
2016-05-11,Y1609.DCE,842234.0
2016-05-12,Y1609.DCE,818122.0
2016-05-13,Y1609.DCE,804678.0
2016-05-16,Y1609.DCE,766298.0
2016-05-17,Y1609.DCE,738688.0
2016-05-18,Y1609.DCE,725332.0
2016-05-19,Y1609.DCE,708912.0
2016-05-20,Y1609.DCE,709664.0
2016-05-23,Y1609.DCE,660394.0
2016-05-24,Y1609.DCE,639468.0
2016-05-25,Y1609.DCE,637652.0
2016-05-26,Y1609.DCE,626432.0
2016-05-27,Y1609.DCE,629520.0
2016-05-30,Y1609.DCE,606582.0
2016-05-31,Y1609.DCE,649446.0
2016-06-01,Y1609.DCE,631838.0
2016-06-02,Y1609.DCE,621656.0
2016-06-03,Y1609.DCE,609146.0
2016-06-06,Y1609.DCE,621872.0
2016-06-07,Y1609.DCE,660266.0
2016-06-08,Y1609.DCE,665816.0
2016-06-13,Y1609.DCE,654534.0
2016-06-14,Y1609.DCE,623034.0
2016-06-15,Y1609.DCE,606496.0
2016-06-16,Y1609.DCE,600862.0
2016-06-17,Y1609.DCE,575506.0
2016-06-20,Y1609.DCE,592994.0
2016-06-21,Y1609.DCE,571924.0
2016-06-22,Y1609.DCE,565370.0
2016-06-23,Y1609.DCE,562494.0
2016-06-24,Y1609.DCE,537290.0
2016-06-27,Y1609.DCE,521812.0
2016-06-28,Y1609.DCE,518904.0
2016-06-29,Y1609.DCE,541512.0
2016-06-30,Y1609.DCE,539578.0
2016-07-01,Y1609.DCE,559082.0
2016-07-04,Y1609.DCE,581930.0
2016-07-05,Y1701.DCE,595442.0
2016-07-06,Y1701.DCE,596088.0
2016-07-07,Y1701.DCE,571232.0
2016-07-08,Y1701.DCE,589792.0
2016-07-11,Y1701.DCE,603356.0
2016-07-12,Y1701.DCE,621510.0
2016-07-13,Y1701.DCE,637902.0
2016-07-14,Y1701.DCE,663826.0
2016-07-15,Y1701.DCE,669610.0
2016-07-18,Y1701.DCE,678958.0
2016-07-19,Y1701.DCE,695754.0
2016-07-20,Y1701.DCE,713818.0
2016-07-21,Y1701.DCE,727036.0
2016-07-22,Y1701.DCE,742880.0
2016-07-25,Y1701.DCE,742620.0
2016-07-26,Y1701.DCE,746964.0
2016-07-27,Y1701.DCE,755780.0
2016-07-28,Y1701.DCE,774432.0
2016-07-29,Y1701.DCE,750014.0
2016-08-01,Y1701.DCE,753840.0
2016-08-02,Y1701.DCE,755244.0
2016-08-03,Y1701.DCE,775526.0
2016-08-04,Y1701.DCE,760230.0
2016-08-05,Y1701.DCE,770692.0
2016-08-08,Y1701.DCE,749152.0
2016-08-09,Y1701.DCE,757196.0
2016-08-10,Y1701.DCE,768660.0
2016-08-11,Y1701.DCE,800408.0
2016-08-12,Y1701.DCE,794958.0
2016-08-15,Y1701.DCE,832916.0
2016-08-16,Y1701.DCE,840016.0
2016-08-17,Y1701.DCE,841488.0
2016-08-18,Y1701.DCE,856366.0
2016-08-19,Y1701.DCE,847148.0
2016-08-22,Y1701.DCE,823948.0
2016-08-23,Y1701.DCE,836448.0
2016-08-24,Y1701.DCE,856728.0
2016-08-25,Y1701.DCE,798920.0
2016-08-26,Y1701.DCE,769006.0
2016-08-29,Y1701.DCE,783498.0
2016-08-30,Y1701.DCE,800530.0
2016-08-31,Y1701.DCE,788576.0
2016-09-01,Y1701.DCE,778056.0
2016-09-02,Y1701.DCE,772880.0
2016-09-05,Y1701.DCE,791482.0
2016-09-06,Y1701.DCE,787686.0
2016-09-07,Y1701.DCE,790206.0
2016-09-08,Y1701.DCE,796684.0
2016-09-09,Y1701.DCE,799046.0
2016-09-12,Y1701.DCE,777396.0
2016-09-13,Y1701.DCE,748370.0
2016-09-14,Y1701.DCE,762512.0
2016-09-19,Y1701.DCE,739372.0
2016-09-20,Y1701.DCE,769760.0
2016-09-21,Y1701.DCE,755888.0
2016-09-22,Y1701.DCE,779378.0
2016-09-23,Y1701.DCE,780702.0
2016-09-26,Y1701.DCE,825624.0
2016-09-27,Y1701.DCE,792470.0
2016-09-28,Y1701.DCE,752358.0
2016-09-29,Y1701.DCE,718320.0
2016-09-30,Y1701.DCE,671678.0
2016-10-10,Y1701.DCE,657510.0
2016-10-11,Y1701.DCE,716444.0
2016-10-12,Y1701.DCE,709544.0
2016-10-13,Y1701.DCE,706632.0
2016-10-14,Y1701.DCE,683912.0
2016-10-17,Y1701.DCE,808866.0
2016-10-18,Y1701.DCE,796764.0
2016-10-19,Y1701.DCE,864456.0
2016-10-20,Y1701.DCE,867084.0
2016-10-21,Y1701.DCE,811580.0
2016-10-24,Y1701.DCE,828244.0
2016-10-25,Y1701.DCE,832774.0
2016-10-26,Y1701.DCE,824006.0
2016-10-27,Y1701.DCE,821008.0
2016-10-28,Y1701.DCE,800636.0
2016-10-31,Y1701.DCE,779430.0
2016-11-01,Y1701.DCE,757484.0
2016-11-02,Y1701.DCE,729828.0
2016-11-03,Y1701.DCE,728348.0
2016-11-04,Y1701.DCE,715314.0
2016-11-07,Y1701.DCE,693630.0
2016-11-08,Y1701.DCE,678476.0
2016-11-09,Y1701.DCE,666300.0
2016-11-10,Y1701.DCE,668710.0
2016-11-11,Y1701.DCE,682686.0
2016-11-14,Y1701.DCE,565936.0
2016-11-15,Y1701.DCE,537274.0
2016-11-16,Y1701.DCE,523080.0
2016-11-17,Y1701.DCE,530968.0
2016-11-18,Y1701.DCE,513860.0
2016-11-21,Y1701.DCE,488824.0
2016-11-22,Y1705.DCE,483850.0
2016-11-23,Y1705.DCE,542112.0
2016-11-24,Y1705.DCE,640382.0
2016-11-25,Y1705.DCE,715402.0
2016-11-28,Y1705.DCE,784658.0
2016-11-29,Y1705.DCE,793462.0
2016-11-30,Y1705.DCE,791402.0
2016-12-01,Y1705.DCE,804740.0
2016-12-02,Y1705.DCE,805334.0
2016-12-05,Y1705.DCE,823666.0
2016-12-06,Y1705.DCE,822474.0
2016-12-07,Y1705.DCE,848544.0
2016-12-08,Y1705.DCE,843120.0
2016-12-09,Y1705.DCE,780580.0
2016-12-12,Y1705.DCE,803496.0
2016-12-13,Y1705.DCE,820050.0
2016-12-14,Y1705.DCE,785916.0
2016-12-15,Y1705.DCE,756186.0
2016-12-16,Y1705.DCE,745212.0
2016-12-19,Y1705.DCE,767452.0
2016-12-20,Y1705.DCE,711590.0
2016-12-21,Y1705.DCE,701134.0
2016-12-22,Y1705.DCE,699990.0
2016-12-23,Y1705.DCE,684246.0
2016-12-26,Y1705.DCE,704594.0
2016-12-27,Y1705.DCE,687270.0
2016-12-28,Y1705.DCE,690996.0
2016-12-29,Y1705.DCE,688054.0
2016-12-30,Y1705.DCE,683198.0
2017-01-03,Y1705.DCE,690910.0
2017-01-04,Y1705.DCE,731594.0
2017-01-05,Y1705.DCE,730618.0
2017-01-06,Y1705.DCE,749254.0
2017-01-09,Y1705.DCE,729550.0
2017-01-10,Y1705.DCE,713350.0
2017-01-11,Y1705.DCE,702340.0
2017-01-12,Y1705.DCE,711234.0
2017-01-13,Y1705.DCE,715642.0
2017-01-16,Y1705.DCE,694024.0
2017-01-17,Y1705.DCE,695316.0
2017-01-18,Y1705.DCE,681198.0
2017-01-19,Y1705.DCE,668934.0
2017-01-20,Y1705.DCE,648028.0
2017-01-23,Y1705.DCE,637806.0
2017-01-24,Y1705.DCE,642812.0
2017-01-25,Y1705.DCE,637712.0
2017-01-26,Y1705.DCE,639586.0
2017-02-03,Y1705.DCE,654040.0
2017-02-06,Y1705.DCE,683186.0
2017-02-07,Y1705.DCE,715812.0
2017-02-08,Y1705.DCE,710038.0
2017-02-09,Y1705.DCE,700542.0
2017-02-10,Y1705.DCE,697962.0
2017-02-13,Y1705.DCE,701168.0
2017-02-14,Y1705.DCE,703786.0
2017-02-15,Y1705.DCE,696142.0
2017-02-16,Y1705.DCE,711570.0
2017-02-17,Y1705.DCE,674438.0
2017-02-20,Y1705.DCE,661152.0
2017-02-21,Y1705.DCE,684604.0
2017-02-22,Y1705.DCE,686626.0
2017-02-23,Y1705.DCE,698940.0
2017-02-24,Y1705.DCE,674262.0
2017-02-27,Y1705.DCE,680246.0
2017-02-28,Y1705.DCE,676220.0
2017-03-01,Y1705.DCE,654728.0
2017-03-02,Y1705.DCE,611066.0
2017-03-03,Y1705.DCE,600346.0
2017-03-06,Y1705.DCE,587368.0
2017-03-07,Y1705.DCE,608580.0
2017-03-08,Y1705.DCE,592516.0
2017-03-09,Y1705.DCE,592816.0
2017-03-10,Y1705.DCE,592592.0
2017-03-13,Y1705.DCE,574732.0
2017-03-14,Y1705.DCE,589072.0
2017-03-15,Y1705.DCE,552050.0
2017-03-16,Y1705.DCE,580150.0
2017-03-17,Y1705.DCE,550432.0
2017-03-20,Y1709.DCE,589688.0
2017-03-21,Y1709.DCE,626086.0
2017-03-22,Y1709.DCE,641030.0
2017-03-23,Y1709.DCE,672938.0
2017-03-24,Y1709.DCE,682588.0
2017-03-27,Y1709.DCE,705668.0
2017-03-28,Y1709.DCE,709384.0
2017-03-29,Y1709.DCE,714094.0
2017-03-30,Y1709.DCE,780276.0
2017-03-31,Y1709.DCE,775188.0
2017-04-05,Y1709.DCE,813142.0
2017-04-06,Y1709.DCE,835108.0
2017-04-07,Y1709.DCE,844360.0
2017-04-10,Y1709.DCE,868732.0
2017-04-11,Y1709.DCE,870594.0
2017-04-12,Y1709.DCE,899804.0
2017-04-13,Y1709.DCE,876898.0
2017-04-14,Y1709.DCE,872344.0
2017-04-17,Y1709.DCE,893606.0
2017-04-18,Y1709.DCE,921552.0
2017-04-19,Y1709.DCE,963156.0
2017-04-20,Y1709.DCE,973242.0
2017-04-21,Y1709.DCE,964490.0
2017-04-24,Y1709.DCE,929628.0
2017-04-25,Y1709.DCE,948828.0
2017-04-26,Y1709.DCE,926608.0
2017-04-27,Y1709.DCE,909018.0
2017-04-28,Y1709.DCE,917322.0
2017-05-02,Y1709.DCE,914208.0
2017-05-03,Y1709.DCE,913730.0
2017-05-04,Y1709.DCE,918878.0
2017-05-05,Y1709.DCE,909082.0
2017-05-08,Y1709.DCE,926890.0
2017-05-09,Y1709.DCE,898460.0
2017-05-10,Y1709.DCE,884056.0
2017-05-11,Y1709.DCE,867602.0
2017-05-12,Y1709.DCE,857152.0
2017-05-15,Y1709.DCE,857884.0
2017-05-16,Y1709.DCE,828300.0
2017-05-17,Y1709.DCE,815280.0
2017-05-18,Y1709.DCE,803190.0
2017-05-19,Y1709.DCE,814964.0
2017-05-22,Y1709.DCE,788544.0
2017-05-23,Y1709.DCE,797068.0
2017-05-24,Y1709.DCE,794188.0
2017-05-25,Y1709.DCE,794468.0
2017-05-26,Y1709.DCE,787764.0
2017-05-31,Y1709.DCE,817252.0
2017-06-01,Y1709.DCE,827798.0
2017-06-02,Y1709.DCE,862586.0
2017-06-05,Y1709.DCE,843496.0
2017-06-06,Y1709.DCE,837236.0
2017-06-07,Y1709.DCE,839068.0
2017-06-08,Y1709.DCE,829654.0
2017-06-09,Y1709.DCE,798222.0
2017-06-12,Y1709.DCE,783674.0
2017-06-13,Y1709.DCE,764010.0
2017-06-14,Y1709.DCE,780758.0
2017-06-15,Y1709.DCE,793578.0
2017-06-16,Y1709.DCE,795688.0
2017-06-19,Y1709.DCE,794648.0
2017-06-20,Y1709.DCE,792090.0
2017-06-21,Y1709.DCE,788544.0
2017-06-22,Y1709.DCE,769472.0
2017-06-23,Y1709.DCE,763900.0
2017-06-26,Y1709.DCE,752238.0
2017-06-27,Y1709.DCE,748988.0
2017-06-28,Y1709.DCE,773184.0
2017-06-29,Y1709.DCE,778030.0
2017-06-30,Y1709.DCE,759780.0
2017-07-03,Y1709.DCE,741098.0
2017-07-04,Y1709.DCE,718576.0
2017-07-05,Y1709.DCE,701178.0
2017-07-06,Y1709.DCE,671890.0
2017-07-07,Y1709.DCE,651114.0
2017-07-10,Y1709.DCE,651128.0
2017-07-11,Y1709.DCE,625216.0
2017-07-12,Y1709.DCE,605586.0
2017-07-13,Y1709.DCE,607766.0
2017-07-14,Y1709.DCE,591116.0
2017-07-17,Y1709.DCE,585662.0
2017-07-18,Y1709.DCE,573178.0
2017-07-19,Y1709.DCE,572888.0
2017-07-20,Y1709.DCE,575598.0
2017-07-21,Y1709.DCE,561978.0
2017-07-24,Y1709.DCE,560612.0
2017-07-25,Y1709.DCE,553946.0
2017-07-26,Y1801.DCE,543086.0
2017-07-27,Y1801.DCE,559090.0
2017-07-28,Y1801.DCE,593688.0
2017-07-31,Y1801.DCE,598646.0
2017-08-01,Y1801.DCE,648094.0
2017-08-02,Y1801.DCE,666774.0
2017-08-03,Y1801.DCE,705764.0
2017-08-04,Y1801.DCE,720234.0
2017-08-07,Y1801.DCE,723440.0
2017-08-08,Y1801.DCE,712712.0
2017-08-09,Y1801.DCE,699652.0
2017-08-10,Y1801.DCE,720454.0
2017-08-11,Y1801.DCE,731094.0
2017-08-14,Y1801.DCE,740400.0
2017-08-15,Y1801.DCE,736666.0
2017-08-16,Y1801.DCE,743536.0
2017-08-17,Y1801.DCE,750672.0
2017-08-18,Y1801.DCE,743474.0
2017-08-21,Y1801.DCE,750946.0
2017-08-22,Y1801.DCE,748800.0
2017-08-23,Y1801.DCE,766438.0
2017-08-24,Y1801.DCE,754900.0
2017-08-25,Y1801.DCE,747922.0
2017-08-28,Y1801.DCE,743714.0
2017-08-29,Y1801.DCE,733808.0
2017-08-30,Y1801.DCE,742350.0
2017-08-31,Y1801.DCE,739746.0
2017-09-01,Y1801.DCE,746112.0
2017-09-04,Y1801.DCE,748970.0
2017-09-05,Y1801.DCE,753344.0
2017-09-06,Y1801.DCE,768022.0
2017-09-07,Y1801.DCE,749616.0
2017-09-08,Y1801.DCE,745964.0
2017-09-11,Y1801.DCE,705288.0
2017-09-12,Y1801.DCE,709194.0
2017-09-13,Y1801.DCE,686174.0
2017-09-14,Y1801.DCE,683666.0
2017-09-15,Y1801.DCE,689308.0
2017-09-18,Y1801.DCE,679324.0
2017-09-19,Y1801.DCE,692432.0
2017-09-20,Y1801.DCE,676516.0
2017-09-21,Y1801.DCE,694452.0
2017-09-22,Y1801.DCE,715532.0
2017-09-25,Y1801.DCE,739976.0
2017-09-26,Y1801.DCE,716146.0
2017-09-27,Y1801.DCE,727222.0
2017-09-28,Y1801.DCE,705546.0
2017-09-29,Y1801.DCE,674548.0
2017-10-09,Y1801.DCE,653764.0
2017-10-10,Y1801.DCE,691892.0
2017-10-11,Y1801.DCE,712964.0
2017-10-12,Y1801.DCE,706010.0
2017-10-13,Y1801.DCE,718238.0
2017-10-16,Y1801.DCE,721444.0
2017-10-17,Y1801.DCE,732808.0
2017-10-18,Y1801.DCE,735732.0
2017-10-19,Y1801.DCE,776480.0
2017-10-20,Y1801.DCE,759666.0
2017-10-23,Y1801.DCE,735680.0
2017-10-24,Y1801.DCE,723300.0
2017-10-25,Y1801.DCE,719108.0
2017-10-26,Y1801.DCE,717868.0
2017-10-27,Y1801.DCE,685310.0
2017-10-30,Y1801.DCE,673374.0
2017-10-31,Y1801.DCE,671840.0
2017-11-01,Y1801.DCE,677984.0
2017-11-02,Y1801.DCE,665202.0
2017-11-03,Y1801.DCE,659944.0
2017-11-06,Y1801.DCE,648830.0
2017-11-07,Y1801.DCE,633794.0
2017-11-08,Y1801.DCE,626830.0
2017-11-09,Y1801.DCE,602958.0
2017-11-10,Y1801.DCE,617234.0
2017-11-13,Y1801.DCE,611292.0
2017-11-14,Y1801.DCE,626330.0
2017-11-15,Y1801.DCE,640550.0
2017-11-16,Y1801.DCE,651274.0
2017-11-17,Y1801.DCE,645352.0
2017-11-20,Y1801.DCE,664108.0
2017-11-21,Y1801.DCE,638842.0
2017-11-22,Y1801.DCE,633870.0
2017-11-23,Y1801.DCE,612316.0
2017-11-24,Y1801.DCE,568162.0
2017-11-27,Y1801.DCE,551820.0
2017-11-28,Y1801.DCE,534328.0
2017-11-29,Y1801.DCE,528736.0
2017-11-30,Y1805.DCE,527404.0
2017-12-01,Y1805.DCE,553710.0
2017-12-04,Y1805.DCE,581190.0
2017-12-05,Y1805.DCE,619406.0
2017-12-06,Y1805.DCE,635926.0
2017-12-07,Y1805.DCE,672790.0
2017-12-08,Y1805.DCE,678450.0
2017-12-11,Y1805.DCE,702548.0
2017-12-12,Y1805.DCE,725044.0
2017-12-13,Y1805.DCE,748678.0
2017-12-14,Y1805.DCE,791526.0
2017-12-15,Y1805.DCE,807398.0
2017-12-18,Y1805.DCE,821312.0
2017-12-19,Y1805.DCE,847482.0
2017-12-20,Y1805.DCE,857912.0
2017-12-21,Y1805.DCE,899944.0
2017-12-22,Y1805.DCE,924442.0
2017-12-25,Y1805.DCE,907568.0
2017-12-26,Y1805.DCE,909902.0
2017-12-27,Y1805.DCE,911116.0
2017-12-28,Y1805.DCE,900738.0
2017-12-29,Y1805.DCE,905954.0
2018-01-02,Y1805.DCE,856442.0
2018-01-03,Y1805.DCE,865796.0
2018-01-04,Y1805.DCE,845190.0
2018-01-05,Y1805.DCE,831646.0
2018-01-08,Y1805.DCE,893520.0
2018-01-09,Y1805.DCE,894226.0
2018-01-10,Y1805.DCE,892236.0
2018-01-11,Y1805.DCE,890528.0
2018-01-12,Y1805.DCE,890050.0
2018-01-15,Y1805.DCE,883952.0
2018-01-16,Y1805.DCE,893726.0
2018-01-17,Y1805.DCE,898874.0
2018-01-18,Y1805.DCE,904182.0
2018-01-19,Y1805.DCE,919542.0
2018-01-22,Y1805.DCE,904396.0
2018-01-23,Y1805.DCE,892696.0
2018-01-24,Y1805.DCE,885944.0
2018-01-25,Y1805.DCE,891698.0
2018-01-26,Y1805.DCE,903008.0
2018-01-29,Y1805.DCE,914702.0
2018-01-30,Y1805.DCE,914082.0
2018-01-31,Y1805.DCE,889970.0
2018-02-01,Y1805.DCE,900930.0
2018-02-02,Y1805.DCE,899222.0
2018-02-05,Y1805.DCE,892292.0
2018-02-06,Y1805.DCE,872796.0
2018-02-07,Y1805.DCE,876086.0
2018-02-08,Y1805.DCE,852408.0
2018-02-09,Y1805.DCE,845198.0
2018-02-12,Y1805.DCE,832166.0
2018-02-13,Y1805.DCE,816008.0
2018-02-14,Y1805.DCE,775180.0
2018-02-22,Y1805.DCE,761346.0
2018-02-23,Y1805.DCE,786828.0
2018-02-26,Y1805.DCE,757754.0
2018-02-27,Y1805.DCE,762622.0
2018-02-28,Y1805.DCE,744110.0
2018-03-01,Y1805.DCE,731200.0
2018-03-02,Y1805.DCE,696474.0
2018-03-05,Y1805.DCE,674636.0
2018-03-06,Y1805.DCE,654782.0
2018-03-07,Y1805.DCE,662022.0
2018-03-08,Y1805.DCE,635612.0
2018-03-09,Y1805.DCE,614118.0
2018-03-12,Y1805.DCE,599760.0
2018-03-13,Y1805.DCE,594762.0
2018-03-14,Y1805.DCE,571046.0
2018-03-15,Y1805.DCE,578304.0
2018-03-16,Y1805.DCE,554440.0
2018-03-19,Y1805.DCE,553856.0
2018-03-20,Y1805.DCE,532542.0
2018-03-21,Y1805.DCE,538050.0
2018-03-22,Y1805.DCE,517352.0
2018-03-23,Y1809.DCE,506054.0
2018-03-26,Y1809.DCE,546080.0
2018-03-27,Y1809.DCE,612778.0
2018-03-28,Y1809.DCE,609578.0
2018-03-29,Y1809.DCE,637318.0
2018-03-30,Y1809.DCE,650552.0
2018-04-02,Y1809.DCE,727622.0
2018-04-03,Y1809.DCE,750224.0
2018-04-04,Y1809.DCE,771880.0
2018-04-09,Y1809.DCE,808230.0
2018-04-10,Y1809.DCE,815192.0
2018-04-11,Y1809.DCE,823156.0
2018-04-12,Y1809.DCE,836706.0
2018-04-13,Y1809.DCE,853580.0
2018-04-16,Y1809.DCE,851044.0
2018-04-17,Y1809.DCE,874096.0
2018-04-18,Y1809.DCE,865516.0
2018-04-19,Y1809.DCE,895314.0
2018-04-20,Y1809.DCE,894666.0
2018-04-23,Y1809.DCE,916398.0
2018-04-24,Y1809.DCE,918532.0
2018-04-25,Y1809.DCE,932916.0
2018-04-26,Y1809.DCE,954406.0
2018-04-27,Y1809.DCE,932574.0
2018-05-02,Y1809.DCE,937150.0
2018-05-03,Y1809.DCE,930530.0
2018-05-04,Y1809.DCE,946866.0
2018-05-07,Y1809.DCE,936930.0
2018-05-08,Y1809.DCE,932646.0
2018-05-09,Y1809.DCE,932618.0
2018-05-10,Y1809.DCE,929600.0
2018-05-11,Y1809.DCE,927918.0
2018-05-14,Y1809.DCE,948782.0
2018-05-15,Y1809.DCE,927860.0
2018-05-16,Y1809.DCE,930718.0
2018-05-17,Y1809.DCE,919522.0
2018-05-18,Y1809.DCE,924634.0
2018-05-21,Y1809.DCE,958470.0
2018-05-22,Y1809.DCE,954952.0
2018-05-23,Y1809.DCE,953812.0
2018-05-24,Y1809.DCE,968416.0
2018-05-25,Y1809.DCE,961710.0
2018-05-28,Y1809.DCE,978104.0
2018-05-29,Y1809.DCE,956146.0
2018-05-30,Y1809.DCE,947150.0
2018-05-31,Y1809.DCE,952934.0
2018-06-01,Y1809.DCE,947294.0
2018-06-04,Y1809.DCE,954064.0
2018-06-05,Y1809.DCE,911722.0
2018-06-06,Y1809.DCE,908788.0
2018-06-07,Y1809.DCE,924154.0
2018-06-08,Y1809.DCE,910786.0
2018-06-11,Y1809.DCE,892790.0
2018-06-12,Y1809.DCE,915054.0
2018-06-13,Y1809.DCE,871866.0
2018-06-14,Y1809.DCE,831948.0
2018-06-15,Y1809.DCE,831558.0
2018-06-19,Y1809.DCE,788732.0
2018-06-20,Y1809.DCE,761486.0
2018-06-21,Y1809.DCE,739984.0
2018-06-22,Y1809.DCE,716724.0
2018-06-25,Y1809.DCE,712694.0
2018-06-26,Y1809.DCE,733168.0
2018-06-27,Y1809.DCE,711110.0
2018-06-28,Y1809.DCE,689874.0
2018-06-29,Y1809.DCE,687762.0
2018-07-02,Y1809.DCE,667928.0
2018-07-03,Y1809.DCE,661150.0
2018-07-04,Y1809.DCE,648922.0
2018-07-05,Y1809.DCE,643500.0
2018-07-06,Y1809.DCE,643500.0
2018-07-09,Y1809.DCE,639128.0
2018-07-10,Y1809.DCE,637038.0
2018-07-11,Y1809.DCE,620518.0
2018-07-12,Y1809.DCE,611922.0
2018-07-13,Y1809.DCE,601062.0
2018-07-16,Y1809.DCE,600104.0
2018-07-17,Y1809.DCE,589080.0
2018-07-18,Y1809.DCE,578288.0
2018-07-19,Y1809.DCE,565782.0
2018-07-20,Y1809.DCE,560838.0
2018-07-23,Y1809.DCE,545340.0
2018-07-24,Y1809.DCE,548994.0
2018-07-25,Y1901.DCE,536146.0
2018-07-26,Y1901.DCE,551294.0
2018-07-27,Y1901.DCE,568118.0
2018-07-30,Y1901.DCE,593980.0
2018-07-31,Y1901.DCE,626314.0
2018-08-01,Y1901.DCE,649862.0
2018-08-02,Y1901.DCE,663370.0
2018-08-03,Y1901.DCE,699176.0
2018-08-06,Y1901.DCE,715164.0
2018-08-07,Y1901.DCE,738008.0
2018-08-08,Y1901.DCE,755500.0
2018-08-09,Y1901.DCE,786338.0
2018-08-10,Y1901.DCE,798930.0
2018-08-13,Y1901.DCE,814516.0
2018-08-14,Y1901.DCE,819120.0
2018-08-15,Y1901.DCE,819668.0
2018-08-16,Y1901.DCE,808094.0
2018-08-17,Y1901.DCE,820944.0
2018-08-20,Y1901.DCE,824198.0
2018-08-21,Y1901.DCE,833078.0
2018-08-22,Y1901.DCE,843218.0
2018-08-23,Y1901.DCE,845186.0
2018-08-24,Y1901.DCE,856112.0
2018-08-27,Y1901.DCE,855878.0
2018-08-28,Y1901.DCE,855878.0
2018-08-29,Y1901.DCE,843230.0
2018-08-30,Y1901.DCE,847754.0
2018-08-31,Y1901.DCE,870704.0
2018-09-03,Y1901.DCE,857424.0
2018-09-04,Y1901.DCE,862402.0
2018-09-05,Y1901.DCE,876052.0
2018-09-06,Y1901.DCE,879356.0
2018-09-07,Y1901.DCE,895716.0
2018-09-10,Y1901.DCE,912690.0
2018-09-11,Y1901.DCE,907636.0
2018-09-12,Y1901.DCE,904660.0
2018-09-13,Y1901.DCE,890274.0
2018-09-14,Y1901.DCE,889898.0
2018-09-17,Y1901.DCE,883696.0
2018-09-18,Y1901.DCE,892918.0
